<?xml version="1.0" encoding="utf-8"?>
<manifest identifier="JcwG8WWzPueQX" xmlns="http://www.imsglobal.org/xsd/imscp_v1p1" xmlns:imsss="http://www.imsglobal.org/xsd/imsss" xmlns:adlcp="http://www.adlnet.org/xsd/adlcp_v1p3" xmlns:adlseq="http://www.adlnet.org/xsd/adlseq_v1p3" xmlns:adlnav="http://www.adlnet.org/xsd/adlnav_v1p3" xmlns:lom="http://ltsc.ieee.org/xsd/LOM" xmlns:xsi="http://www.w3.org/2001/XMLSchema-instance" xsi:schemaLocation="http://www.imsglobal.org/xsd/imscp_v1p1 imscp_v1p1.xsd http://www.imsglobal.org/xsd/imsss imsss_v1p0.xsd http://www.adlnet.org/xsd/adlcp_v1p3 adlcp_v1p3.xsd http://www.adlnet.org/xsd/adlseq_v1p3 adlseq_v1p3.xsd http://www.adlnet.org/xsd/adlnav_v1p3 adlnav_v1p3.xsd http://ltsc.ieee.org/xsd/LOM lom.xsd">
<metadata>
<schema>ADL SCORM</schema>
<schemaversion>2004 4th Edition</schemaversion>
<lom:lom>
<lom:general>
<lom:title>
<lom:string>Ôn tập giữa HK I - Khối 3</lom:string>
</lom:title>
</lom:general>
<lom:educational>
<lom:typicalLearningTime>
<lom:duration>PT1H0M0S</lom:duration>
</lom:typicalLearningTime>
</lom:educational>
</lom:lom>
</metadata>
<organizations default="JcwG8WWzPueQX_organization">
<organization identifier="JcwG8WWzPueQX_organization">
<title>Ôn tập giữa HK I - Khối 3</title>
<item identifier="6436D033-9578-4A32-B2CB-98475748FBE4" identifierref="resource">
<title>Ôn tập giữa HK I - Khối 3</title>
<imsss:sequencing>
<imsss:deliveryControls completionSetByContent="true" objectiveSetByContent="true"/>
</imsss:sequencing>
</item>
<imsss:sequencing>
<imsss:controlMode flow="true"/>
</imsss:sequencing>
</organization>
</organizations>
<resources>
<resource identifier="resource" type="webcontent" adlcp:scormType="sco" href="res/index.html">
<file href="res/index.html"/>
<file href="res/lms.js"/>
<file href="res/data/slide1.js"/>
<file href="res/data/slide1.css"/>
<file href="res/data/quiz1.js"/>
<file href="res/data/quiz1/audios/snd-17b60084f1eb29d827b55688844f5381657f678e.mp3"/>
<file href="res/data/quiz1/audios/snd-4f0bd7ab5fbd35d03aa2f7c4099a4370e26cc040.mp3"/>
<file href="res/data/quiz1/audios/snd-d2882e4d7811f84e02105c36ded1653acbdc757c.mp3"/>
<file href="res/data/quiz1/audios/snd-d699ea4f8d8db3fbfec741099633aa9552438061.mp3"/>
<file href="res/data/quiz1/fonts/fnt0.woff"/>
<file href="res/data/quiz1/fonts/fnt1.woff"/>
<file href="res/data/quiz1/fonts/fnt2.woff"/>
<file href="res/data/quiz1/fonts/fnt3.woff"/>
<file href="res/data/quiz1/fonts/fnt4.woff"/>
<file href="res/data/quiz1/fonts/fnt5.woff"/>
<file href="res/data/quiz1/fonts/fnt6.woff"/>
<file href="res/data/quiz1/fonts/fnt7.woff"/>
<file href="res/data/quiz1/fonts/fnt8.woff"/>
<file href="res/data/quiz1/images/7274-a375-3a60-dfc2.png"/>
<file href="res/data/quiz1/images/ae06-e117-0003-075e.png"/>
<file href="res/data/quiz1/images/img-093bc6a175c08202bc08c0e6810f1985899ad4c9.png"/>
<file href="res/data/quiz1/images/img-12299754f4995359d95e87210a2412394148bd22.jpg"/>
<file href="res/data/quiz1/images/img-128386d04ab9b83ce360100f80269454af81cead.jpg"/>
<file href="res/data/quiz1/images/img-20a18ea2acfb72e11322ad7668460d1fbf5ca673.jpg"/>
<file href="res/data/quiz1/images/img-20c7a4f2973cd8bef6148f43ef41daf5aacff1c6.gif"/>
<file href="res/data/quiz1/images/img-28243b94ee0a815cdaffc1add99e228b6d301de7.jpg"/>
<file href="res/data/quiz1/images/img-44f03f83630de40d058552851529784b03471e28.gif"/>
<file href="res/data/quiz1/images/img-45377eac1c461a8f43eb206d92baf7187bfd79cc.jpg"/>
<file href="res/data/quiz1/images/img-55166bd9f851cfe9f03b4722be9a682649b93502.png"/>
<file href="res/data/quiz1/images/img-6808b2abc131c92fcbb07aa7358b78b360a0c502.jpg"/>
<file href="res/data/quiz1/images/img-6f8e44ea95155264b22df0efa030d766373a6068.jpg"/>
<file href="res/data/quiz1/images/img-794693c57301977b051285be81aa995069e00497.gif"/>
<file href="res/data/quiz1/images/img-7bafd835eaeb8f0cdb79173127805a5524a035af.jpg"/>
<file href="res/data/quiz1/images/img-812bfed5856b61a3cf2ffba5d9e3256b09f2acc0.jpg"/>
<file href="res/data/quiz1/images/img-8335125150c46ec62feea53cc455b3346b6302db.jpg"/>
<file href="res/data/quiz1/images/img-bde044947e7628820ce2b70aa17a1de71da43c5e.png"/>
<file href="res/data/quiz1/images/img-beca992d466b75a0ca5d60f4e6c942d581074b9e.png"/>
<file href="res/data/quiz1/images/img-c57d4c8ac273ed01f08503216140571a434781d2.jpg"/>
<file href="res/data/quiz1/images/img-c5df73195d3c2c09274c7c533fe487d223371395.gif"/>
<file href="res/data/quiz1/images/img-d3028478c3b706cabbb3bba48f37534a88ccd9e0.png"/>
<file href="res/data/quiz1/images/img-e305a5ec71dd9bf5fb7b55f943981968f9dc961e.png"/>
<file href="res/data/quiz1/images/img-fff299449962b36e94d709203f35cd709515d66a.png"/>
<file href="res/data/quiz1/images/quiz_bg_0.png"/>
<file href="res/data/quizplayer.js"/>
<file href="res/index.html"/>
<file href="res/data/player.js"/>
<file href="res/data/eraser.cur"/>
<file href="res/data/highlighter.cur"/>
<file href="res/data/marker.cur"/>
<file href="res/data/lock.cur"/>
<file href="res/data/browsersupport.js"/>
<file href="res/data/apple-touch-icon.png"/>
<file href="res/data/favicon.ico"/>
<file href="res/data/fnt0.woff"/>
<file href="res/data/fnt1.woff"/>
<file href="res/data/fnt2.woff"/>
<file href="res/data/fnt3.woff"/>
<file href="res/data/fnt4.woff"/>
<file href="res/data/fnt5.woff"/>
<file href="res/data/fnt6.woff"/>
<file href="res/data/fnt7.woff"/>
<file href="res/data/fnt8.woff"/>
<file href="res/data/html5-unsupported.html"/>
<file href="res/data/html5.png"/>
<file href="res/data/img0.jpg"/>
<file href="res/data/img1.png"/>
<file href="res/data/img2.png"/>
<file href="res/data/img3.png"/>
<file href="res/data/img4.png"/>
<file href="res/data/img5.png"/>
<file href="res/data/quiz_bg_0.png"/>
</resource>
</resources>
</manifest>
